{
  "find_attraction": {
    "precision": 0.896551724137931,
    "recall": 0.8813559322033898,
    "f1-score": 0.888888888888889,
    "support": 59,
    "confused_with": {
      "find_restaurant": 7
    }
  },
  "book_train": {
    "precision": 1.0,
    "recall": 0.10526315789473684,
    "f1-score": 0.1904761904761905,
    "support": 19,
    "confused_with": {
      "find_restaurant": 11,
      "find_train": 3
    }
  },
  "find_taxi": {
    "precision": 1.0,
    "recall": 0.5,
    "f1-score": 0.6666666666666666,
    "support": 16,
    "confused_with": {
      "find_restaurant": 6,
      "find_train": 2
    }
  },
  "find_hotel": {
    "precision": 0.925,
    "recall": 0.6379310344827587,
    "f1-score": 0.7551020408163266,
    "support": 58,
    "confused_with": {
      "find_restaurant": 12,
      "find_train": 5
    }
  },
  "book_hotel": {
    "precision": 1.0,
    "recall": 0.6428571428571429,
    "f1-score": 0.782608695652174,
    "support": 28,
    "confused_with": {
      "find_train": 6,
      "find_restaurant": 2
    }
  },
  "find_train": {
    "precision": 0.8412698412698413,
    "recall": 0.9636363636363636,
    "f1-score": 0.8983050847457628,
    "support": 110,
    "confused_with": {
      "find_restaurant": 3,
      "find_hotel": 1
    }
  },
  "book_restaurant": {
    "precision": 0.9166666666666666,
    "recall": 0.7333333333333333,
    "f1-score": 0.8148148148148148,
    "support": 30,
    "confused_with": {
      "find_restaurant": 5,
      "find_train": 2
    }
  },
  "find_restaurant": {
    "precision": 0.6134453781512605,
    "recall": 0.9733333333333334,
    "f1-score": 0.752577319587629,
    "support": 75,
    "confused_with": {
      "find_train": 2
    }
  },
  "accuracy": 0.8050632911392405,
  "macro avg": {
    "precision": 0.8991167012782124,
    "recall": 0.6797137872176323,
    "f1-score": 0.7186799627060567,
    "support": 395
  },
  "weighted avg": {
    "precision": 0.8496066775320634,
    "recall": 0.8050632911392405,
    "f1-score": 0.7902289197754863,
    "support": 395
  },
  "micro avg": {
    "precision": 0.8050632911392405,
    "recall": 0.8050632911392405,
    "f1-score": 0.8050632911392405,
    "support": 395
  }
}