{
  "book_hotel": {
    "precision": 0.0,
    "recall": 0.0,
    "f1-score": 0.0,
    "support": 28,
    "confused_with": {
      "find_train": 18,
      "book_restaurant": 5,
      "find_attraction": 3
    }
  },
  "find_restaurant": {
    "precision": 0.7222222222222222,
    "recall": 0.8666666666666667,
    "f1-score": 0.7878787878787877,
    "support": 75,
    "confused_with": {
      "find_train": 5,
      "find_hotel": 2
    }
  },
  "book_train": {
    "precision": 0.0,
    "recall": 0.0,
    "f1-score": 0.0,
    "support": 19,
    "confused_with": {
      "find_train": 6,
      "book_restaurant": 6,
      "find_restaurant": 4
    }
  },
  "find_train": {
    "precision": 0.6818181818181818,
    "recall": 0.9545454545454546,
    "f1-score": 0.7954545454545455,
    "support": 110,
    "confused_with": {
      "find_restaurant": 3,
      "find_attraction": 2
    }
  },
  "find_hotel": {
    "precision": 0.8604651162790697,
    "recall": 0.6379310344827587,
    "f1-score": 0.7326732673267328,
    "support": 58,
    "confused_with": {
      "find_restaurant": 11,
      "find_train": 7
    }
  },
  "book_restaurant": {
    "precision": 0.6744186046511628,
    "recall": 0.9666666666666667,
    "f1-score": 0.7945205479452055,
    "support": 30,
    "confused_with": {
      "find_attraction": 1
    }
  },
  "find_taxi": {
    "precision": 0.0,
    "recall": 0.0,
    "f1-score": 0.0,
    "support": 16,
    "confused_with": {
      "find_train": 13,
      "find_restaurant": 1,
      "find_hotel": 1
    }
  },
  "find_attraction": {
    "precision": 0.8,
    "recall": 0.8813559322033898,
    "f1-score": 0.8387096774193548,
    "support": 59,
    "confused_with": {
      "find_restaurant": 4,
      "find_hotel": 3
    }
  },
  "accuracy": 0.7291139240506329,
  "macro avg": {
    "precision": 0.46736551562132955,
    "recall": 0.538395719320617,
    "f1-score": 0.4936546032530783,
    "support": 395
  },
  "weighted avg": {
    "precision": 0.6240663330389559,
    "recall": 0.7291139240506329,
    "f1-score": 0.6643175848150827,
    "support": 395
  },
  "micro avg": {
    "precision": 0.7291139240506329,
    "recall": 0.7291139240506329,
    "f1-score": 0.7291139240506329,
    "support": 395
  }
}