{
  "find_restaurant": {
    "precision": 0.7752808988764045,
    "recall": 0.92,
    "f1-score": 0.8414634146341463,
    "support": 75,
    "confused_with": {
      "find_train": 4,
      "find_hotel": 2
    }
  },
  "find_hotel": {
    "precision": 0.8,
    "recall": 0.7586206896551724,
    "f1-score": 0.7787610619469026,
    "support": 58,
    "confused_with": {
      "find_restaurant": 7,
      "find_train": 5
    }
  },
  "find_attraction": {
    "precision": 0.8103448275862069,
    "recall": 0.7966101694915254,
    "f1-score": 0.8034188034188032,
    "support": 59,
    "confused_with": {
      "find_restaurant": 8,
      "find_train": 2
    }
  },
  "find_taxi": {
    "precision": 0.0,
    "recall": 0.0,
    "f1-score": 0.0,
    "support": 16,
    "confused_with": {
      "find_train": 10,
      "find_attraction": 4,
      "find_hotel": 2
    }
  },
  "book_train": {
    "precision": 0.0,
    "recall": 0.0,
    "f1-score": 0.0,
    "support": 19,
    "confused_with": {
      "find_train": 11,
      "find_restaurant": 2,
      "find_hotel": 2
    }
  },
  "book_hotel": {
    "precision": 0.0,
    "recall": 0.0,
    "f1-score": 0.0,
    "support": 28,
    "confused_with": {
      "find_train": 21,
      "book_restaurant": 4,
      "find_attraction": 2
    }
  },
  "book_restaurant": {
    "precision": 0.7857142857142857,
    "recall": 0.7333333333333333,
    "f1-score": 0.7586206896551724,
    "support": 30,
    "confused_with": {
      "find_train": 6,
      "find_restaurant": 1
    }
  },
  "find_train": {
    "precision": 0.6424242424242425,
    "recall": 0.9636363636363636,
    "f1-score": 0.7709090909090909,
    "support": 110,
    "confused_with": {
      "find_restaurant": 2,
      "find_hotel": 2
    }
  },
  "accuracy": 0.7291139240506329,
  "macro avg": {
    "precision": 0.47672053182514246,
    "recall": 0.5215250695145494,
    "f1-score": 0.4941466325705144,
    "support": 395
  },
  "weighted avg": {
    "precision": 0.6242898923580045,
    "recall": 0.7291139240506329,
    "f1-score": 0.6664258931185971,
    "support": 395
  },
  "micro avg": {
    "precision": 0.7291139240506329,
    "recall": 0.7291139240506329,
    "f1-score": 0.7291139240506329,
    "support": 395
  }
}