{
  "find_restaurant": {
    "precision": 0.967741935483871,
    "recall": 0.8,
    "f1-score": 0.8759124087591241,
    "support": 75,
    "confused_with": {
      "find_hotel": 7,
      "find_train": 4
    }
  },
  "find_train": {
    "precision": 0.9351851851851852,
    "recall": 0.9181818181818182,
    "f1-score": 0.9266055045871558,
    "support": 110,
    "confused_with": {
      "book_hotel": 6,
      "find_hotel": 3
    }
  },
  "book_hotel": {
    "precision": 0.8235294117647058,
    "recall": 1.0,
    "f1-score": 0.9032258064516129,
    "support": 28,
    "confused_with": {}
  },
  "find_attraction": {
    "precision": 0.8676470588235294,
    "recall": 1.0,
    "f1-score": 0.9291338582677166,
    "support": 59,
    "confused_with": {}
  },
  "book_train": {
    "precision": 0.8636363636363636,
    "recall": 1.0,
    "f1-score": 0.9268292682926829,
    "support": 19,
    "confused_with": {}
  },
  "book_restaurant": {
    "precision": 1.0,
    "recall": 0.8666666666666667,
    "f1-score": 0.9285714285714286,
    "support": 30,
    "confused_with": {
      "book_train": 3,
      "find_attraction": 1
    }
  },
  "find_hotel": {
    "precision": 0.8305084745762712,
    "recall": 0.8448275862068966,
    "f1-score": 0.8376068376068375,
    "support": 58,
    "confused_with": {
      "find_attraction": 4,
      "find_train": 3
    }
  },
  "find_taxi": {
    "precision": 1.0,
    "recall": 1.0,
    "f1-score": 1.0,
    "support": 16,
    "confused_with": {}
  },
  "accuracy": 0.9063291139240506,
  "macro avg": {
    "precision": 0.9110310536837408,
    "recall": 0.9287095088819226,
    "f1-score": 0.9159856390670698,
    "support": 395
  },
  "weighted avg": {
    "precision": 0.9121002480156336,
    "recall": 0.9063291139240506,
    "f1-score": 0.905765447888259,
    "support": 395
  },
  "micro avg": {
    "precision": 0.9063291139240506,
    "recall": 0.9063291139240506,
    "f1-score": 0.9063291139240506,
    "support": 395
  }
}