{
  "find_hotel": {
    "precision": 0.7719298245614035,
    "recall": 0.7586206896551724,
    "f1-score": 0.7652173913043477,
    "support": 58,
    "confused_with": {
      "find_restaurant": 8,
      "find_train": 4
    }
  },
  "book_train": {
    "precision": 0.0,
    "recall": 0.0,
    "f1-score": 0.0,
    "support": 19,
    "confused_with": {
      "find_train": 16,
      "find_restaurant": 1,
      "find_hotel": 1
    }
  },
  "book_restaurant": {
    "precision": 0.0,
    "recall": 0.0,
    "f1-score": 0.0,
    "support": 30,
    "confused_with": {
      "find_train": 26,
      "find_attraction": 2,
      "find_restaurant": 1
    }
  },
  "find_taxi": {
    "precision": 0.0,
    "recall": 0.0,
    "f1-score": 0.0,
    "support": 16,
    "confused_with": {
      "find_train": 15,
      "find_attraction": 1
    }
  },
  "find_restaurant": {
    "precision": 0.8181818181818182,
    "recall": 0.84,
    "f1-score": 0.8289473684210527,
    "support": 75,
    "confused_with": {
      "find_train": 4,
      "find_hotel": 4
    }
  },
  "find_attraction": {
    "precision": 0.8461538461538461,
    "recall": 0.9322033898305084,
    "f1-score": 0.8870967741935484,
    "support": 59,
    "confused_with": {
      "find_restaurant": 2,
      "find_hotel": 2
    }
  },
  "find_train": {
    "precision": 0.5306122448979592,
    "recall": 0.9454545454545454,
    "f1-score": 0.6797385620915033,
    "support": 110,
    "confused_with": {
      "find_hotel": 4,
      "find_restaurant": 2
    }
  },
  "book_hotel": {
    "precision": 0.0,
    "recall": 0.0,
    "f1-score": 0.0,
    "support": 28,
    "confused_with": {
      "find_train": 27,
      "find_hotel": 1
    }
  },
  "accuracy": 0.6734177215189874,
  "macro avg": {
    "precision": 0.37085971672437834,
    "recall": 0.4345348281175283,
    "f1-score": 0.39512501200130656,
    "support": 395
  },
  "weighted avg": {
    "precision": 0.5428506077216461,
    "recall": 0.6734177215189874,
    "f1-score": 0.5915534502144705,
    "support": 395
  },
  "micro avg": {
    "precision": 0.6734177215189874,
    "recall": 0.6734177215189874,
    "f1-score": 0.6734177215189874,
    "support": 395
  }
}