{
  "book_hotel": {
    "precision": 1.0,
    "recall": 0.7857142857142857,
    "f1-score": 0.88,
    "support": 28,
    "confused_with": {
      "find_train": 6
    }
  },
  "find_train": {
    "precision": 0.8739495798319328,
    "recall": 0.9454545454545454,
    "f1-score": 0.9082969432314411,
    "support": 110,
    "confused_with": {
      "find_hotel": 3,
      "find_restaurant": 2
    }
  },
  "book_restaurant": {
    "precision": 0.9032258064516129,
    "recall": 0.9333333333333333,
    "f1-score": 0.9180327868852459,
    "support": 30,
    "confused_with": {
      "find_restaurant": 1,
      "find_attraction": 1
    }
  },
  "find_attraction": {
    "precision": 0.8909090909090909,
    "recall": 0.8305084745762712,
    "f1-score": 0.8596491228070176,
    "support": 59,
    "confused_with": {
      "find_restaurant": 4,
      "find_hotel": 4
    }
  },
  "find_hotel": {
    "precision": 0.7627118644067796,
    "recall": 0.7758620689655172,
    "f1-score": 0.7692307692307694,
    "support": 58,
    "confused_with": {
      "find_restaurant": 8,
      "find_train": 3
    }
  },
  "find_restaurant": {
    "precision": 0.7857142857142857,
    "recall": 0.88,
    "f1-score": 0.830188679245283,
    "support": 75,
    "confused_with": {
      "find_hotel": 4,
      "find_train": 2
    }
  },
  "find_taxi": {
    "precision": 0.8333333333333334,
    "recall": 0.625,
    "f1-score": 0.7142857142857143,
    "support": 16,
    "confused_with": {
      "find_train": 2,
      "find_hotel": 2
    }
  },
  "book_train": {
    "precision": 0.8461538461538461,
    "recall": 0.5789473684210527,
    "f1-score": 0.6875,
    "support": 19,
    "confused_with": {
      "book_restaurant": 3,
      "find_restaurant": 2
    }
  },
  "accuracy": 0.8481012658227848,
  "macro avg": {
    "precision": 0.8619997258501102,
    "recall": 0.7943525095581256,
    "f1-score": 0.820898001960684,
    "support": 395
  },
  "weighted avg": {
    "precision": 0.8515721020585275,
    "recall": 0.8481012658227848,
    "f1-score": 0.8460343103670435,
    "support": 395
  },
  "micro avg": {
    "precision": 0.8481012658227848,
    "recall": 0.8481012658227848,
    "f1-score": 0.8481012658227848,
    "support": 395
  }
}