{
  "find_hotel": {
    "precision": 0.7741935483870968,
    "recall": 0.8275862068965517,
    "f1-score": 0.7999999999999999,
    "support": 58,
    "confused_with": {
      "find_restaurant": 4,
      "find_train": 3
    }
  },
  "find_train": {
    "precision": 0.8869565217391304,
    "recall": 0.9272727272727272,
    "f1-score": 0.9066666666666666,
    "support": 110,
    "confused_with": {
      "find_hotel": 4,
      "book_hotel": 2
    }
  },
  "find_restaurant": {
    "precision": 0.8533333333333334,
    "recall": 0.8533333333333334,
    "f1-score": 0.8533333333333335,
    "support": 75,
    "confused_with": {
      "find_hotel": 6,
      "find_train": 4
    }
  },
  "find_attraction": {
    "precision": 0.9107142857142857,
    "recall": 0.864406779661017,
    "f1-score": 0.8869565217391304,
    "support": 59,
    "confused_with": {
      "find_restaurant": 4,
      "find_hotel": 3
    }
  },
  "find_taxi": {
    "precision": 1.0,
    "recall": 0.9375,
    "f1-score": 0.967741935483871,
    "support": 16,
    "confused_with": {
      "find_restaurant": 1
    }
  },
  "book_train": {
    "precision": 0.8823529411764706,
    "recall": 0.7894736842105263,
    "f1-score": 0.8333333333333333,
    "support": 19,
    "confused_with": {
      "book_restaurant": 2,
      "find_train": 1
    }
  },
  "book_hotel": {
    "precision": 0.9230769230769231,
    "recall": 0.8571428571428571,
    "f1-score": 0.888888888888889,
    "support": 28,
    "confused_with": {
      "find_train": 4
    }
  },
  "book_restaurant": {
    "precision": 0.9285714285714286,
    "recall": 0.8666666666666667,
    "f1-score": 0.896551724137931,
    "support": 30,
    "confused_with": {
      "find_attraction": 2,
      "find_restaurant": 1
    }
  },
  "micro avg": {
    "precision": 0.8756345177664975,
    "recall": 0.8734177215189873,
    "f1-score": 0.8745247148288974,
    "support": 395
  },
  "macro avg": {
    "precision": 0.8948998727498336,
    "recall": 0.86542278189796,
    "f1-score": 0.8791840504478943,
    "support": 395
  },
  "weighted avg": {
    "precision": 0.8776419965583506,
    "recall": 0.8734177215189873,
    "f1-score": 0.8748516785570737,
    "support": 395
  },
  "accuracy": 0.8734177215189873
}