{
  "find_train": {
    "precision": 0.7310344827586207,
    "recall": 0.9636363636363636,
    "f1-score": 0.8313725490196079,
    "support": 110,
    "confused_with": {
      "find_hotel": 4
    }
  },
  "find_attraction": {
    "precision": 0.8983050847457628,
    "recall": 0.8983050847457628,
    "f1-score": 0.8983050847457628,
    "support": 59,
    "confused_with": {
      "find_hotel": 4,
      "find_restaurant": 2
    }
  },
  "find_taxi": {
    "precision": 0.0,
    "recall": 0.0,
    "f1-score": 0.0,
    "support": 16,
    "confused_with": {
      "find_train": 12,
      "find_hotel": 2,
      "book_restaurant": 2
    }
  },
  "find_restaurant": {
    "precision": 0.8666666666666667,
    "recall": 0.8666666666666667,
    "f1-score": 0.8666666666666667,
    "support": 75,
    "confused_with": {
      "find_train": 4,
      "find_hotel": 3
    }
  },
  "find_hotel": {
    "precision": 0.7619047619047619,
    "recall": 0.8275862068965517,
    "f1-score": 0.7933884297520662,
    "support": 58,
    "confused_with": {
      "find_restaurant": 6,
      "find_train": 3
    }
  },
  "book_restaurant": {
    "precision": 0.75,
    "recall": 0.9,
    "f1-score": 0.8181818181818182,
    "support": 30,
    "confused_with": {
      "find_attraction": 2,
      "find_restaurant": 1
    }
  },
  "book_train": {
    "precision": 1.0,
    "recall": 0.15789473684210525,
    "f1-score": 0.2727272727272727,
    "support": 19,
    "confused_with": {
      "find_train": 8,
      "book_restaurant": 5
    }
  },
  "book_hotel": {
    "precision": 0.8571428571428571,
    "recall": 0.42857142857142855,
    "f1-score": 0.5714285714285714,
    "support": 28,
    "confused_with": {
      "find_train": 12,
      "find_hotel": 2
    }
  },
  "accuracy": 0.7949367088607595,
  "macro avg": {
    "precision": 0.7331317316523336,
    "recall": 0.6303325609198598,
    "f1-score": 0.6315087990652207,
    "support": 395
  },
  "weighted avg": {
    "precision": 0.7800108083390492,
    "recall": 0.7949367088607595,
    "f1-score": 0.7625184355570872,
    "support": 395
  },
  "micro avg": {
    "precision": 0.7949367088607595,
    "recall": 0.7949367088607595,
    "f1-score": 0.7949367088607595,
    "support": 395
  }
}