{
  "book_hotel": {
    "precision": 0.9565217391304348,
    "recall": 0.7857142857142857,
    "f1-score": 0.8627450980392156,
    "support": 28,
    "confused_with": {
      "find_train": 6
    }
  },
  "find_hotel": {
    "precision": 0.875,
    "recall": 0.7241379310344828,
    "f1-score": 0.7924528301886793,
    "support": 58,
    "confused_with": {
      "find_train": 8,
      "find_restaurant": 5
    }
  },
  "find_attraction": {
    "precision": 0.9259259259259259,
    "recall": 0.847457627118644,
    "f1-score": 0.8849557522123893,
    "support": 59,
    "confused_with": {
      "find_restaurant": 7,
      "find_hotel": 2
    }
  },
  "book_train": {
    "precision": 0.8181818181818182,
    "recall": 0.9473684210526315,
    "f1-score": 0.8780487804878049,
    "support": 19,
    "confused_with": {
      "find_train": 1
    }
  },
  "find_train": {
    "precision": 0.8492063492063492,
    "recall": 0.9727272727272728,
    "f1-score": 0.9067796610169491,
    "support": 110,
    "confused_with": {
      "find_restaurant": 2,
      "find_attraction": 1
    }
  },
  "book_restaurant": {
    "precision": 1.0,
    "recall": 0.8,
    "f1-score": 0.888888888888889,
    "support": 30,
    "confused_with": {
      "book_train": 3,
      "find_restaurant": 2
    }
  },
  "find_taxi": {
    "precision": 1.0,
    "recall": 0.9375,
    "f1-score": 0.967741935483871,
    "support": 16,
    "confused_with": {
      "find_restaurant": 1
    }
  },
  "find_restaurant": {
    "precision": 0.7951807228915663,
    "recall": 0.88,
    "f1-score": 0.8354430379746836,
    "support": 75,
    "confused_with": {
      "find_train": 4,
      "find_hotel": 4
    }
  },
  "accuracy": 0.8708860759493671,
  "macro avg": {
    "precision": 0.9025020694170118,
    "recall": 0.8618631922059146,
    "f1-score": 0.8771319980365602,
    "support": 395
  },
  "weighted avg": {
    "precision": 0.877870748102031,
    "recall": 0.8708860759493671,
    "f1-score": 0.8697948640511772,
    "support": 395
  },
  "micro avg": {
    "precision": 0.8708860759493671,
    "recall": 0.8708860759493671,
    "f1-score": 0.8708860759493671,
    "support": 395
  }
}